"seqnames","start","end","width","strand","score","FDR","Conc","annotation","geneChr","geneStart","geneEnd","geneLength","geneStrand","geneId","transcriptId","distanceToTSS","peak_type"
"chr17",26881183,26881583,401,"*",-0.767398893778164,0.0133097848921836,7.66795264588602,"Distal Intergenic",17,26989189,26999925,10737,2,"124903955","ENST00000580686.1",118342,"narrow"
"chr17",26885224,26885624,401,"*",-0.623368536445008,0.0303865463117423,6.63206627244848,"Distal Intergenic",17,26989189,26999925,10737,2,"124903955","ENST00000580686.1",114301,"narrow"
"chr17",26881183,26881583,401,"*",-0.752779178308969,0.0161726547682215,7.67848129853998,"Distal Intergenic",17,26989189,26999925,10737,2,"124903955","ENST00000580686.1",118342,"broad"
