Sample,Upregulated_Overlaps,Upregulated_Total,Upregulated_Percent,Downregulated_Overlaps,Downregulated_Total,Downregulated_Percent
GSM6008250_SMNB19_SOX2_3_broadPeak.bed,113.0,2121.0,5.327675624705328,219.0,969.0,22.60061919504644
GSM6008248_SMNB19_SOX2_1_broadPeak.bed,98.0,2121.0,4.62046204620462,206.0,969.0,21.25902992776058
GSM6008249_SMNB19_SOX2_2_broadPeak.bed,121.0,2121.0,5.704856199905705,302.0,969.0,31.166150670794636
