Sample,Upregulated_Overlaps,Upregulated_Total,Upregulated_Percent,Downregulated_Overlaps,Downregulated_Total,Downregulated_Percent
YAF_2,1221.0,2121.0,57.567185289957564,523.0,969.0,53.97316821465429
GFP_1,1099.0,2121.0,51.81518151815182,374.0,969.0,38.59649122807017
GFP_2,1509.0,2121.0,71.14568599717114,539.0,969.0,55.624355005159956
YAF_3,1205.0,2121.0,56.81282413955682,525.0,969.0,54.179566563467496
GFP_3,1181.0,2121.0,55.68128241395568,372.0,969.0,38.39009287925697
YAF_1,1461.0,2121.0,68.88260254596888,608.0,969.0,62.745098039215684
