Sample,Upregulated_Overlaps,Upregulated_Total,Upregulated_Percent,Downregulated_Overlaps,Downregulated_Total,Downregulated_Percent
GFP_1,1813.0,2121.0,85.47854785478548,393.0,969.0,40.55727554179567
GFP_2,1689.0,2121.0,79.63224893917963,322.0,969.0,33.23013415892673
GFP_3,1794.0,2121.0,84.58274398868458,372.0,969.0,38.39009287925697
YAF_1,1342.0,2121.0,63.27204148986327,402.0,969.0,41.48606811145511
YAF_2,1925.0,2121.0,90.75907590759076,595.0,969.0,61.40350877192983
YAF_3,1817.0,2121.0,85.66713814238567,554.0,969.0,57.172342621259034
